Datetime,Status,Health,Level,Scale,Plugged,Voltage,Temperature
2019-11-09 23:56:33,Discharging,Good,82,100,None,4075,35.0
2019-11-09 23:56:25,Discharging,Good,82,100,None,4131,35.0
2019-11-09 23:53:06,Discharging,Good,82,100,None,4132,35.0
2019-11-09 23:52:46,Discharging,Good,82,100,None,4134,35.0
2019-11-09 23:49:20,Discharging,Good,82,100,None,4127,34.0
2019-11-09 23:46:13,Discharging,Good,83,100,None,4158,33.0
2019-11-09 23:46:00,Discharging,Good,83,100,None,4142,33.0
2019-11-09 23:45:21,Discharging,Good,83,100,None,4157,33.0
2019-11-09 23:45:10,Discharging,Good,83,100,None,4133,33.0
2019-11-09 23:44:56,Discharging,Good,83,100,None,4134,33.0
2019-11-09 23:44:28,Discharging,Good,83,100,None,4152,33.0
2019-11-09 23:44:04,Discharging,Good,83,100,None,4124,33.0
2019-11-09 23:42:46,Discharging,Good,83,100,None,4129,33.0
2019-11-09 23:42:40,Discharging,Good,83,100,None,4166,32.0
2019-11-09 23:41:25,Discharging,Good,83,100,None,4165,32.0
2019-11-09 23:41:22,Discharging,Good,83,100,None,4165,32.0
2019-11-09 23:41:12,Discharging,Good,83,100,None,4144,32.0
2019-11-09 23:41:09,Discharging,Good,83,100,None,4166,32.0
2019-11-09 23:38:52,Discharging,Good,83,100,None,4143,32.0
2019-11-09 23:38:47,Discharging,Good,83,100,None,4166,32.0
2019-11-09 23:36:47,Discharging,Good,83,100,None,4155,32.0
2019-11-09 23:36:37,Discharging,Good,83,100,None,4165,32.0
2019-11-09 23:32:46,Discharging,Good,83,100,None,4168,32.0
2019-11-09 23:28:12,Discharging,Good,83,100,None,4152,33.0
2019-11-09 23:28:08,Discharging,Good,83,100,None,4168,33.0
2019-11-09 23:27:19,Discharging,Good,83,100,None,4155,33.0
2019-11-09 23:27:09,Discharging,Good,83,100,None,4168,33.0
2019-11-09 23:22:49,Discharging,Good,83,100,None,4168,33.0
2019-11-09 21:54:00,Discharging,Good,90,100,None,4207,35.0
2019-11-09 21:52:44,Discharging,Good,90,100,None,4224,34.0
2019-11-09 21:50:25,Discharging,Good,90,100,None,4210,34.0
2019-11-09 21:46:50,Discharging,Good,91,100,None,4206,34.0
2019-11-09 21:44:12,Discharging,Good,91,100,None,4256,33.0
2019-11-09 21:42:44,Discharging,Good,91,100,None,4255,33.0
2019-11-09 21:38:04,Discharging,Good,91,100,None,4239,34.0
2019-11-09 21:37:33,Discharging,Good,91,100,None,4226,35.0
2019-11-09 21:34:42,Discharging,Good,92,100,None,4214,34.0
2019-11-09 21:34:08,Discharging,Good,92,100,None,4259,33.0
2019-11-09 21:33:29,Discharging,Good,92,100,None,4221,34.0
2019-11-09 21:33:13,Discharging,Good,92,100,None,4254,33.0
2019-11-09 21:32:44,Discharging,Good,92,100,None,4257,34.0
2019-11-09 21:32:15,Discharging,Good,92,100,None,4243,34.0
2019-11-09 21:32:07,Discharging,Good,92,100,None,4259,34.0
2019-11-09 21:31:29,Discharging,Good,92,100,None,4221,34.0
2019-11-09 21:29:42,Discharging,Good,92,100,None,4232,34.0
2019-11-09 21:28:26,Discharging,Good,92,100,None,4257,33.0
2019-11-09 21:24:16,Discharging,Good,92,100,None,4252,34.0
2019-11-09 21:24:06,Discharging,Good,92,100,None,4265,34.0
2019-11-09 21:22:47,Discharging,Good,92,100,None,4249,35.0
2019-11-09 21:22:44,Discharging,Good,92,100,None,4243,35.0
2019-11-09 21:22:37,Discharging,Good,92,100,None,4263,35.0
2019-11-09 20:53:35,Discharging,Good,95,100,None,4260,36.0
2019-11-09 20:53:09,Discharging,Good,95,100,None,4293,35.0
2019-11-09 20:52:43,Discharging,Good,95,100,None,4290,36.0
2019-11-09 20:52:36,Discharging,Good,95,100,None,4253,36.0
2019-11-09 20:50:56,Discharging,Good,95,100,None,4256,36.0
2019-11-09 20:50:30,Discharging,Good,96,100,None,4262,36.0
2019-11-09 20:47:40,Discharging,Good,96,100,None,4266,35.0
2019-11-09 20:44:41,Discharging,Good,96,100,None,4266,35.0
2019-11-09 20:42:43,Discharging,Good,96,100,None,4291,34.0
2019-11-09 20:41:43,Discharging,Good,97,100,None,4273,34.0
2019-11-09 20:41:28,Discharging,Good,97,100,None,4300,34.0
2019-11-09 20:40:42,Discharging,Good,97,100,None,4230,34.0
2019-11-09 20:40:26,Discharging,Good,97,100,None,4313,33.0
2019-11-09 20:39:56,Discharging,Good,97,100,None,4285,33.0
2019-11-09 20:39:48,Discharging,Good,97,100,None,4314,33.0
2019-11-09 20:36:21,Discharging,Good,97,100,None,4283,34.0
2019-11-09 20:36:13,Discharging,Good,97,100,None,4301,34.0
2019-11-09 20:36:13,Discharging,Good,97,100,None,4297,34.0
2019-11-09 20:36:03,Discharging,Good,97,100,None,4263,34.0
2019-11-09 20:36:01,Discharging,Good,97,100,None,4271,34.0
2019-11-09 20:35:59,Discharging,Good,97,100,None,4286,34.0
2019-11-09 20:35:58,Discharging,Good,97,100,None,4282,34.0
2019-11-09 20:35:53,Discharging,Good,97,100,None,4252,34.0
2019-11-09 20:35:41,Discharging,Good,97,100,None,4314,33.0
2019-11-09 20:35:30,Discharging,Good,97,100,None,4299,33.0
2019-11-09 20:35:20,Discharging,Good,97,100,None,4316,33.0
2019-11-09 20:32:43,Discharging,Good,97,100,None,4312,34.0
2019-11-09 20:32:18,Discharging,Good,97,100,None,4287,34.0
2019-11-09 20:32:14,Discharging,Good,97,100,None,4315,34.0
2019-11-09 20:30:44,Discharging,Good,97,100,None,4283,35.0
2019-11-09 20:30:23,Discharging,Good,97,100,None,4315,34.0
2019-11-09 20:29:22,Discharging,Good,97,100,None,4282,35.0
2019-11-09 20:28:28,Discharging,Good,97,100,None,4280,35.0
2019-11-09 20:26:18,Discharging,Good,98,100,None,4260,34.0
2019-11-09 20:24:57,Discharging,Good,98,100,None,4324,33.0
2019-11-09 20:24:23,Discharging,Good,98,100,None,4291,33.0
2019-11-09 20:24:01,Discharging,Good,98,100,None,4287,33.0
2019-11-09 20:23:53,Discharging,Good,98,100,None,4325,33.0
2019-11-09 20:23:34,Discharging,Good,98,100,None,4310,33.0
2019-11-09 20:23:24,Discharging,Good,98,100,None,4327,33.0
2019-11-09 20:22:43,Discharging,Good,98,100,None,4326,33.0
2019-11-09 20:21:47,Discharging,Good,98,100,None,4301,33.0
2019-11-09 20:21:02,Discharging,Good,98,100,None,4327,33.0
2019-11-09 20:19:58,Discharging,Good,98,100,None,4306,33.0
2019-11-09 20:19:22,Discharging,Good,99,100,None,4286,33.0
2019-11-09 20:19:19,Discharging,Good,99,100,None,4328,33.0
2019-11-09 20:16:04,Discharging,Good,99,100,None,4310,33.0
2019-11-09 20:15:19,Discharging,Good,99,100,None,4333,33.0
2019-11-09 20:12:43,Discharging,Good,99,100,None,4334,33.0
2019-11-09 20:12:38,Discharging,Good,99,100,None,4333,33.0
2019-11-09 20:07:56,Discharging,Good,99,100,None,4323,33.0
2019-11-09 20:07:46,Discharging,Good,99,100,None,4335,33.0
2019-11-09 20:04:58,Discharging,Good,100,100,None,4290,34.0
2019-11-09 20:03:39,Discharging,Good,100,100,None,4328,34.0
2019-11-09 20:03:34,Discharging,Good,100,100,None,4319,34.0
2019-11-09 20:03:32,Discharging,Good,100,100,None,4336,34.0
2019-11-09 20:03:19,Discharging,Good,100,100,None,4309,34.0
2019-11-09 20:03:11,Discharging,Good,100,100,None,4332,34.0
2019-11-09 20:03:06,Discharging,Good,100,100,None,4322,34.0
2019-11-09 20:03:04,Discharging,Good,100,100,None,4329,34.0
2019-11-09 20:03:01,Discharging,Good,100,100,None,4304,34.0
2019-11-09 20:03:00,Discharging,Good,100,100,None,4322,34.0
2019-11-09 20:02:56,Discharging,Good,100,100,None,4343,33.0
2019-11-09 20:02:52,Discharging,Good,100,100,None,4302,34.0
2019-11-09 20:02:44,Discharging,Good,100,100,None,4333,33.0
2019-11-09 20:02:43,Discharging,Good,100,100,None,4392,33.0
2019-11-09 20:02:43,Discharging,Good,100,100,None,4392,33.0
2019-11-09 20:01:57,Charging,Good,100,100,AC,4393,33.0
2019-11-09 20:01:39,Charging,Good,100,100,AC,4392,33.0
2019-11-09 20:00:57,Charging,Good,100,100,AC,4392,33.0
2019-11-09 20:00:34,Charging,Good,100,100,AC,4392,33.0
2019-11-09 19:59:57,Charging,Good,100,100,AC,4393,33.0
2019-11-09 19:59:48,Charging,Good,100,100,AC,4393,33.0
2019-11-09 19:59:28,Charging,Good,100,100,AC,4393,33.0
2019-11-09 19:58:57,Charging,Good,99,100,AC,4392,33.0
2019-11-09 19:58:23,Charging,Good,99,100,AC,4392,34.0
2019-11-09 19:57:57,Charging,Good,99,100,AC,4393,34.0
2019-11-09 19:57:18,Charging,Good,99,100,AC,4392,34.0
2019-11-09 19:57:14,Charging,Good,99,100,AC,4393,34.0
2019-11-09 19:56:57,Charging,Good,99,100,AC,4380,34.0
2019-11-09 19:56:13,Charging,Good,99,100,AC,4392,34.0
2019-11-09 19:55:57,Charging,Good,99,100,AC,4392,34.0
2019-11-09 19:55:08,Charging,Good,99,100,AC,4393,34.0
2019-11-09 19:54:57,Charging,Good,99,100,AC,4392,34.0
2019-11-09 19:54:52,Charging,Good,99,100,AC,4393,34.0
2019-11-09 19:54:27,Charging,Good,99,100,AC,4393,34.0
2019-11-09 19:54:04,Charging,Good,98,100,AC,4393,34.0
2019-11-09 19:53:57,Charging,Good,98,100,AC,4392,34.0
2019-11-09 19:52:59,Charging,Good,98,100,AC,4392,34.0
2019-11-09 19:52:57,Charging,Good,98,100,AC,4393,34.0
2019-11-09 19:52:40,Charging,Good,98,100,AC,4392,34.0
2019-11-09 19:51:57,Charging,Good,98,100,AC,4392,34.0
2019-11-09 19:51:53,Charging,Good,98,100,AC,4393,34.0
2019-11-09 19:50:57,Charging,Good,98,100,AC,4392,34.0
2019-11-09 19:50:49,Charging,Good,98,100,AC,4392,34.0
2019-11-09 19:50:34,Charging,Good,98,100,AC,4393,34.0
2019-11-09 19:49:57,Charging,Good,97,100,AC,4392,34.0
2019-11-09 19:49:43,Charging,Good,97,100,AC,4393,34.0
2019-11-09 19:48:57,Charging,Good,97,100,AC,4393,34.0
2019-11-09 19:48:40,Charging,Good,97,100,AC,4393,35.0
2019-11-09 19:48:37,Charging,Good,97,100,AC,4393,35.0
2019-11-09 19:47:57,Charging,Good,97,100,AC,4392,35.0
2019-11-09 19:47:33,Charging,Good,97,100,AC,4393,35.0
2019-11-09 19:46:57,Charging,Good,97,100,AC,4392,35.0
2019-11-09 19:46:57,Charging,Good,97,100,AC,4392,35.0
2019-11-09 19:46:27,Charging,Good,97,100,AC,4392,35.0
2019-11-09 19:45:57,Charging,Good,97,100,AC,4392,35.0
2019-11-09 19:45:23,Charging,Good,97,100,AC,4392,35.0
2019-11-09 19:45:19,Charging,Good,97,100,AC,4392,35.0
2019-11-09 19:44:57,Charging,Good,96,100,AC,4392,35.0
2019-11-09 19:44:17,Charging,Good,96,100,AC,4392,35.0
2019-11-09 19:43:57,Charging,Good,96,100,AC,4392,35.0
2019-11-09 19:43:45,Charging,Good,96,100,AC,4392,35.0
2019-11-09 19:43:12,Charging,Good,96,100,AC,4392,35.0
2019-11-09 19:42:57,Charging,Good,96,100,AC,4392,35.0
2019-11-09 19:42:19,Charging,Good,96,100,AC,4392,35.0
2019-11-09 19:42:07,Charging,Good,96,100,AC,4392,36.0
2019-11-09 19:41:57,Charging,Good,96,100,AC,4392,36.0
2019-11-09 19:41:02,Charging,Good,96,100,AC,4392,36.0
2019-11-09 19:40:56,Charging,Good,96,100,AC,4391,36.0
2019-11-09 19:40:00,Charging,Good,95,100,AC,4392,36.0
2019-11-09 19:39:43,Charging,Good,95,100,AC,4392,36.0
2019-11-09 19:39:17,Charging,Good,95,100,AC,4392,36.0
2019-11-09 19:39:00,Charging,Good,95,100,AC,4392,36.0
2019-11-09 19:38:28,Charging,Good,95,100,AC,4392,36.0
2019-11-09 19:38:20,Charging,Good,95,100,AC,4392,36.0
2019-11-09 19:38:00,Charging,Good,94,100,AC,4392,36.0
2019-11-09 19:37:18,Charging,Good,94,100,AC,4392,36.0
2019-11-09 19:37:16,Charging,Good,94,100,AC,4392,36.0
2019-11-09 19:37:00,Charging,Good,94,100,AC,4392,36.0
2019-11-09 19:36:08,Charging,Good,94,100,AC,4392,37.0
2019-11-09 19:36:05,Charging,Good,94,100,AC,4392,37.0
2019-11-09 19:36:00,Charging,Good,94,100,AC,4392,37.0
2019-11-09 19:35:03,Charging,Good,94,100,AC,4392,37.0
2019-11-09 19:35:00,Charging,Good,94,100,AC,4391,37.0
2019-11-09 19:34:56,Charging,Good,94,100,AC,4391,37.0
2019-11-09 19:34:00,Charging,Good,93,100,AC,4392,37.0
2019-11-09 19:33:57,Charging,Good,93,100,AC,4392,37.0
2019-11-09 19:33:52,Charging,Good,93,100,AC,4392,37.0
2019-11-09 19:33:00,Charging,Good,93,100,AC,4392,37.0
2019-11-09 19:32:53,Charging,Good,93,100,AC,4392,37.0
2019-11-09 19:32:51,Charging,Good,93,100,AC,4392,37.0
2019-11-09 19:32:00,Charging,Good,92,100,AC,4392,37.0
2019-11-09 19:31:52,Charging,Good,92,100,AC,4392,37.0
2019-11-09 19:31:48,Charging,Good,92,100,AC,4392,37.0
2019-11-09 19:31:00,Charging,Good,92,100,AC,4392,37.0
2019-11-09 19:30:59,Charging,Good,92,100,AC,4392,37.0
2019-11-09 19:30:42,Charging,Good,92,100,AC,4391,37.0
2019-11-09 19:30:07,Charging,Good,92,100,AC,4392,38.0
2019-11-09 19:30:00,Charging,Good,91,100,AC,4392,38.0
2019-11-09 19:29:36,Charging,Good,91,100,AC,4392,38.0
2019-11-09 19:29:17,Charging,Good,91,100,AC,4392,38.0
2019-11-09 19:29:00,Charging,Good,91,100,AC,4392,38.0
2019-11-09 19:28:32,Charging,Good,91,100,AC,4391,38.0
2019-11-09 19:28:27,Charging,Good,91,100,AC,4391,38.0
2019-11-09 19:28:05,Charging,Good,90,100,AC,4391,38.0
2019-11-09 19:28:00,Charging,Good,90,100,AC,4392,38.0
2019-11-09 19:27:53,Charging,Good,90,100,AC,4391,38.0
2019-11-09 19:27:40,Charging,Good,90,100,AC,4391,38.0
2019-11-09 19:27:27,Charging,Good,90,100,AC,4392,38.0
2019-11-09 19:27:00,Charging,Good,90,100,AC,4391,39.0
2019-11-09 19:26:55,Charging,Good,90,100,AC,4391,39.0
2019-11-09 19:26:21,Charging,Good,90,100,AC,4392,39.0
2019-11-09 19:26:12,Charging,Good,89,100,AC,4392,39.0
2019-11-09 19:26:00,Charging,Good,89,100,AC,4392,39.0
2019-11-09 19:25:30,Charging,Good,89,100,AC,4391,39.0
2019-11-09 19:25:15,Charging,Good,89,100,AC,4392,39.0
2019-11-09 19:25:00,Charging,Good,89,100,AC,4391,39.0
2019-11-09 19:24:49,Charging,Good,89,100,AC,4392,39.0
2019-11-09 19:24:10,Charging,Good,88,100,AC,4390,39.0
2019-11-09 19:24:08,Charging,Good,88,100,AC,4390,39.0
2019-11-09 19:24:00,Charging,Good,88,100,AC,4390,39.0
2019-11-09 19:23:31,Charging,Good,88,100,AC,4390,39.0
2019-11-09 19:23:04,Charging,Good,88,100,AC,4390,39.0
2019-11-09 19:23:00,Charging,Good,88,100,AC,4390,39.0
2019-11-09 19:22:54,Charging,Good,87,100,AC,4390,39.0
2019-11-09 19:22:19,Charging,Good,87,100,AC,4390,40.0
2019-11-09 19:22:00,Charging,Good,87,100,AC,4390,40.0
2019-11-09 19:21:43,Charging,Good,87,100,AC,4390,40.0
2019-11-09 19:21:10,Charging,Good,86,100,AC,4390,40.0
2019-11-09 19:21:00,Charging,Good,86,100,AC,4390,40.0
2019-11-09 19:20:57,Charging,Good,86,100,AC,4384,40.0
2019-11-09 19:20:55,Charging,Good,86,100,AC,4390,40.0
2019-11-09 19:20:54,Charging,Good,86,100,AC,4390,40.0
2019-11-09 19:20:36,Charging,Good,86,100,AC,4390,40.0
2019-11-09 19:20:04,Charging,Good,85,100,AC,4390,40.0
2019-11-09 19:20:00,Charging,Good,85,100,AC,4390,40.0
2019-11-09 19:19:50,Charging,Good,85,100,AC,4390,40.0
2019-11-09 19:19:32,Charging,Good,85,100,AC,4389,40.0
2019-11-09 19:19:28,Charging,Good,85,100,AC,4387,40.0
2019-11-09 19:19:00,Charging,Good,85,100,AC,4385,40.0
2019-11-09 19:18:58,Charging,Good,85,100,AC,4380,40.0
2019-11-09 19:18:43,Charging,Good,85,100,AC,4376,40.0
2019-11-09 19:18:29,Charging,Good,84,100,AC,4379,40.0
2019-11-09 19:18:00,Charging,Good,84,100,AC,4375,40.0
2019-11-09 19:17:55,Charging,Good,84,100,AC,4375,40.0
2019-11-09 19:17:37,Charging,Good,84,100,AC,4371,40.0
2019-11-09 19:17:23,Charging,Good,84,100,AC,4362,40.0
2019-11-09 19:17:00,Charging,Good,83,100,AC,4366,40.0
2019-11-09 19:16:50,Charging,Good,83,100,AC,4364,40.0
2019-11-09 19:16:14,Charging,Good,83,100,AC,4336,40.0
2019-11-09 19:16:08,Charging,Good,83,100,AC,4329,40.0
2019-11-09 19:16:00,Charging,Good,83,100,AC,4341,40.0
2019-11-09 19:15:37,Charging,Good,82,100,AC,4342,41.0
2019-11-09 19:15:05,Charging,Good,82,100,AC,4348,41.0
2019-11-09 19:15:03,Charging,Good,82,100,AC,4351,41.0
2019-11-09 19:15:00,Charging,Good,82,100,AC,4349,41.0
2019-11-09 19:14:34,Charging,Good,82,100,AC,4346,41.0
2019-11-09 19:13:58,Charging,Good,81,100,AC,4335,40.0
2019-11-09 19:13:57,Charging,Good,81,100,AC,4334,40.0
2019-11-09 19:13:25,Charging,Good,81,100,AC,4328,40.0
2019-11-09 19:13:00,Charging,Good,80,100,AC,4335,40.0
2019-11-09 19:12:52,Charging,Good,80,100,AC,4335,40.0
2019-11-09 19:12:20,Charging,Good,80,100,AC,4330,41.0
2019-11-09 19:12:00,Charging,Good,80,100,AC,4327,40.0
2019-11-09 19:11:46,Charging,Good,80,100,AC,4319,41.0
2019-11-09 19:11:46,Charging,Good,80,100,AC,4325,41.0
2019-11-09 19:11:17,Charging,Good,79,100,AC,4320,40.0
2019-11-09 19:11:00,Charging,Good,79,100,AC,4320,41.0
2019-11-09 19:10:42,Charging,Good,79,100,AC,4315,41.0
2019-11-09 19:10:42,Charging,Good,79,100,AC,4317,41.0
2019-11-09 19:10:10,Charging,Good,78,100,AC,4306,41.0
2019-11-09 19:10:00,Charging,Good,78,100,AC,4311,41.0
2019-11-09 19:09:37,Charging,Good,78,100,AC,4304,41.0
2019-11-09 19:09:35,Charging,Good,78,100,AC,4307,41.0
2019-11-09 19:09:06,Charging,Good,78,100,AC,4301,41.0
2019-11-09 19:09:00,Charging,Good,78,100,AC,4304,41.0
2019-11-09 19:08:32,Charging,Good,77,100,AC,4300,41.0
2019-11-09 19:08:30,Charging,Good,77,100,AC,4294,41.0
2019-11-09 19:08:00,Charging,Good,77,100,AC,4295,41.0
2019-11-09 19:07:57,Charging,Good,77,100,AC,4295,41.0
2019-11-09 19:07:25,Charging,Good,77,100,AC,4291,41.0
2019-11-09 19:07:25,Charging,Good,77,100,AC,4291,41.0
2019-11-09 19:07:00,Charging,Good,76,100,AC,4288,41.0
2019-11-09 19:06:51,Charging,Good,76,100,AC,4286,41.0
2019-11-09 19:06:19,Charging,Good,76,100,AC,4274,40.0
2019-11-09 19:06:16,Charging,Good,76,100,AC,4272,40.0
2019-11-09 19:06:00,Charging,Good,75,100,AC,4272,40.0
2019-11-09 19:05:42,Charging,Good,75,100,AC,4270,40.0
2019-11-09 19:05:14,Charging,Good,75,100,AC,4275,41.0
2019-11-09 19:05:10,Charging,Good,75,100,AC,4264,41.0
2019-11-09 19:05:00,Charging,Good,75,100,AC,4273,41.0
2019-11-09 19:04:39,Charging,Good,74,100,AC,4268,41.0
2019-11-09 19:04:08,Charging,Good,74,100,AC,4252,41.0
2019-11-09 19:04:08,Charging,Good,74,100,AC,4266,41.0
2019-11-09 19:04:00,Charging,Good,74,100,AC,4266,41.0
2019-11-09 19:03:38,Charging,Good,73,100,AC,4262,41.0
2019-11-09 19:03:07,Charging,Good,73,100,AC,4259,41.0
2019-11-09 19:03:03,Charging,Good,73,100,AC,4259,41.0
2019-11-09 19:03:00,Charging,Good,73,100,AC,4253,41.0
2019-11-09 19:02:37,Charging,Good,73,100,AC,4254,41.0
2019-11-09 19:02:06,Charging,Good,72,100,AC,4251,41.0
2019-11-09 19:02:00,Charging,Good,72,100,AC,4249,41.0
2019-11-09 19:01:57,Charging,Good,72,100,AC,4251,41.0
2019-11-09 19:01:35,Charging,Good,72,100,AC,4248,41.0
2019-11-09 19:01:04,Charging,Good,71,100,AC,4244,41.0
2019-11-09 19:01:00,Charging,Good,71,100,AC,4241,41.0
2019-11-09 19:00:54,Charging,Good,71,100,AC,4242,41.0
2019-11-09 19:00:35,Charging,Good,71,100,AC,4240,41.0
2019-11-09 19:00:05,Charging,Good,71,100,AC,4237,41.0
2019-11-09 19:00:00,Charging,Good,71,100,AC,4237,41.0
2019-11-09 18:59:46,Charging,Good,71,100,AC,4235,41.0
2019-11-09 18:59:34,Charging,Good,70,100,AC,4234,41.0
2019-11-09 18:59:04,Charging,Good,70,100,AC,4225,41.0
2019-11-09 18:59:00,Charging,Good,70,100,AC,4228,41.0
2019-11-09 18:58:42,Charging,Good,70,100,AC,4221,41.0
2019-11-09 18:58:36,Charging,Good,70,100,AC,4226,41.0
2019-11-09 18:58:06,Charging,Good,69,100,AC,4222,41.0
2019-11-09 18:58:00,Charging,Good,69,100,AC,4221,41.0
2019-11-09 18:57:35,Charging,Good,69,100,AC,4201,41.0
2019-11-09 18:57:34,Charging,Good,69,100,AC,4208,41.0
2019-11-09 18:57:06,Charging,Good,68,100,AC,4215,41.0
2019-11-09 18:57:00,Charging,Good,68,100,AC,4214,41.0
2019-11-09 18:56:38,Charging,Good,68,100,AC,4211,41.0
2019-11-09 18:56:29,Charging,Good,68,100,AC,4208,41.0
2019-11-09 18:56:04,Charging,Good,68,100,AC,4200,40.0
2019-11-09 18:56:00,Charging,Good,68,100,AC,4190,41.0
2019-11-09 18:55:33,Charging,Good,67,100,AC,4198,40.0
2019-11-09 18:55:23,Charging,Good,67,100,AC,4195,40.0
2019-11-09 18:55:03,Charging,Good,67,100,AC,4198,40.0
2019-11-09 18:55:00,Charging,Good,67,100,AC,4202,40.0
2019-11-09 18:54:33,Charging,Good,66,100,AC,4196,40.0
2019-11-09 18:54:18,Charging,Good,66,100,AC,4199,40.0
2019-11-09 18:54:04,Charging,Good,66,100,AC,4197,40.0
2019-11-09 18:54:00,Charging,Good,66,100,AC,4197,40.0
2019-11-09 18:53:36,Charging,Good,66,100,AC,4195,40.0
2019-11-09 18:53:12,Charging,Good,65,100,AC,4191,40.0
2019-11-09 18:53:08,Charging,Good,65,100,AC,4192,40.0
2019-11-09 18:53:00,Charging,Good,65,100,AC,4191,40.0
2019-11-09 18:52:39,Charging,Good,65,100,AC,4188,40.0
2019-11-09 18:52:10,Charging,Good,65,100,AC,4186,40.0
2019-11-09 18:52:00,Charging,Good,64,100,AC,4185,40.0
2019-11-09 18:51:43,Charging,Good,64,100,AC,4183,40.0
2019-11-09 18:51:15,Charging,Good,64,100,AC,4180,40.0
2019-11-09 18:51:00,Charging,Good,63,100,AC,4177,40.0
2019-11-09 18:50:47,Charging,Good,63,100,AC,4177,40.0
2019-11-09 18:50:19,Charging,Good,63,100,AC,4174,40.0
2019-11-09 18:50:00,Charging,Good,63,100,AC,4153,40.0
2019-11-09 18:49:50,Charging,Good,63,100,AC,4170,40.0
2019-11-09 18:49:25,Charging,Good,62,100,AC,4167,40.0
2019-11-09 18:49:10,Charging,Good,62,100,AC,4168,40.0
2019-11-09 18:49:00,Charging,Good,62,100,AC,4165,40.0
2019-11-09 18:48:57,Charging,Good,62,100,AC,4160,40.0
2019-11-09 18:48:30,Charging,Good,61,100,AC,4165,40.0
2019-11-09 18:48:04,Charging,Good,61,100,AC,4158,40.0
2019-11-09 18:48:04,Charging,Good,61,100,AC,4162,40.0
2019-11-09 18:48:00,Charging,Good,61,100,AC,4162,40.0
2019-11-09 18:47:37,Charging,Good,60,100,AC,4159,40.0
2019-11-09 18:47:10,Charging,Good,60,100,AC,4157,40.0
2019-11-09 18:47:00,Charging,Good,60,100,AC,4155,40.0
2019-11-09 18:46:59,Charging,Good,60,100,AC,4156,40.0
2019-11-09 18:46:44,Charging,Good,59,100,AC,4155,40.0
2019-11-09 18:46:20,Charging,Good,59,100,AC,4152,40.0
2019-11-09 18:46:00,Charging,Good,59,100,AC,4151,40.0
2019-11-09 18:45:53,Charging,Good,59,100,AC,4146,40.0
2019-11-09 18:45:53,Charging,Good,59,100,AC,4150,40.0
2019-11-09 18:45:30,Charging,Good,58,100,AC,4148,40.0
2019-11-09 18:45:05,Charging,Good,58,100,AC,4145,40.0
2019-11-09 18:45:00,Charging,Good,58,100,AC,4142,40.0
2019-11-09 18:44:47,Charging,Good,58,100,AC,4144,40.0
2019-11-09 18:44:40,Charging,Good,58,100,AC,4144,40.0
2019-11-09 18:44:15,Charging,Good,57,100,AC,4141,40.0
2019-11-09 18:44:00,Charging,Good,57,100,AC,4139,40.0
2019-11-09 18:43:50,Charging,Good,57,100,AC,4138,40.0
2019-11-09 18:43:42,Charging,Good,57,100,AC,4138,40.0
2019-11-09 18:43:25,Charging,Good,56,100,AC,4134,40.0
2019-11-09 18:43:00,Charging,Good,56,100,AC,4134,40.0
2019-11-09 18:42:36,Charging,Good,56,100,AC,4128,40.0
2019-11-09 18:42:36,Charging,Good,56,100,AC,4132,40.0
2019-11-09 18:42:14,Charging,Good,55,100,AC,4130,40.0
2019-11-09 18:42:00,Charging,Good,55,100,AC,4129,40.0
2019-11-09 18:41:51,Charging,Good,55,100,AC,4128,40.0
2019-11-09 18:41:30,Charging,Good,54,100,AC,4123,40.0
2019-11-09 18:41:27,Charging,Good,54,100,AC,4124,40.0
2019-11-09 18:41:04,Charging,Good,54,100,AC,4123,40.0
2019-11-09 18:41:00,Charging,Good,54,100,AC,4123,40.0
2019-11-09 18:40:40,Charging,Good,54,100,AC,4120,40.0
2019-11-09 18:40:14,Charging,Good,53,100,AC,4093,40.0
2019-11-09 18:40:00,Charging,Good,53,100,AC,4120,40.0
2019-11-09 18:39:47,Charging,Good,53,100,AC,4117,40.0
2019-11-09 18:39:25,Charging,Good,53,100,AC,4116,40.0
2019-11-09 18:39:21,Charging,Good,53,100,AC,4115,40.0
2019-11-09 18:39:00,Charging,Good,52,100,AC,4114,40.0
2019-11-09 18:38:51,Charging,Good,52,100,AC,4114,40.0
2019-11-09 18:38:22,Charging,Good,52,100,AC,4111,40.0
2019-11-09 18:38:21,Charging,Good,51,100,AC,4104,40.0
2019-11-09 18:38:00,Charging,Good,51,100,AC,4109,40.0
2019-11-09 18:37:56,Charging,Good,51,100,AC,4109,40.0
2019-11-09 18:37:29,Charging,Good,51,100,AC,4106,39.0
2019-11-09 18:37:15,Charging,Good,51,100,AC,4105,39.0
2019-11-09 18:37:03,Charging,Good,51,100,AC,4104,39.0
2019-11-09 18:37:00,Charging,Good,50,100,AC,4098,39.0
2019-11-09 18:36:34,Charging,Good,50,100,AC,4100,39.0
2019-11-09 18:36:08,Charging,Good,49,100,AC,4093,39.0
2019-11-09 18:36:07,Charging,Good,49,100,AC,4097,39.0
2019-11-09 18:36:00,Charging,Good,49,100,AC,4093,39.0
2019-11-09 18:35:41,Charging,Good,49,100,AC,4094,39.0
2019-11-09 18:35:14,Charging,Good,49,100,AC,4088,39.0
2019-11-09 18:35:04,Charging,Good,49,100,AC,4085,39.0
2019-11-09 18:35:00,Charging,Good,49,100,AC,4084,39.0
2019-11-09 18:34:46,Charging,Good,48,100,AC,4079,39.0
2019-11-09 18:34:06,Charging,Good,48,100,AC,4016,37.0
2019-11-09 18:34:04,Charging,Good,48,100,AC,4019,37.0
2019-11-09 18:34:02,Charging,Good,48,100,AC,4017,37.0
2019-11-09 18:34:02,Charging,Good,48,100,AC,3989,37.0
2019-11-09 18:34:02,Charging,Good,48,100,AC,3989,37.0
2019-11-09 18:34:01,Charging,Good,48,100,AC,3842,37.0
2019-11-09 18:34:00,Charging,Good,48,100,AC,3842,37.0
2019-11-09 18:34:00,Charging,Good,48,100,AC,3842,37.0
2019-11-09 18:34:00,Charging,Good,48,100,AC,3842,37.0
2019-11-09 18:33:59,Charging,Good,48,100,None,3842,38.0
2019-11-09 18:33:59,Not Charging,Good,48,100,None,3842,38.0
2019-11-09 18:33:54,Discharging,Good,48,100,None,3814,38.0
2019-11-09 18:33:19,Discharging,Good,48,100,None,3843,38.0
2019-11-09 18:33:07,Discharging,Good,48,100,None,3836,38.0
2019-11-09 18:33:03,Discharging,Good,48,100,None,3824,38.0
2019-11-09 18:33:01,Discharging,Good,48,100,None,3807,39.0
2019-11-09 18:33:01,Discharging,Good,48,100,None,3795,39.0
2019-11-09 18:32:30,Discharging,Good,48,100,None,3840,39.0
2019-11-09 18:32:12,Discharging,Good,48,100,None,3816,39.0
2019-11-09 18:32:02,Discharging,Good,48,100,None,3854,39.0
2019-11-09 18:31:50,Discharging,Good,48,100,None,3822,39.0
2019-11-09 18:31:41,Discharging,Good,48,100,None,3854,39.0
2019-11-09 18:31:22,Discharging,Good,48,100,None,3842,41.0
2019-11-09 18:31:21,Discharging,Good,48,100,None,3828,41.0
2019-11-09 18:31:10,Discharging,Good,48,100,None,3853,41.0
2019-11-09 18:31:09,Discharging,Good,48,100,None,4005,41.0
2019-11-09 18:30:51,Charging,Good,48,100,AC,4093,40.0
2019-11-09 18:30:46,Charging,Good,48,100,AC,4091,40.0
2019-11-09 18:30:37,Charging,Good,48,100,AC,4091,40.0
2019-11-09 18:30:27,Charging,Good,47,100,AC,4090,40.0
2019-11-09 18:30:05,Charging,Good,47,100,AC,4088,40.0
2019-11-09 18:29:46,Charging,Good,47,100,AC,4086,40.0
2019-11-09 18:29:43,Charging,Good,47,100,AC,4084,40.0
2019-11-09 18:29:31,Charging,Good,47,100,AC,4084,40.0
2019-11-09 18:29:24,Charging,Good,46,100,AC,4084,40.0
2019-11-09 18:29:03,Charging,Good,46,100,AC,4081,40.0
2019-11-09 18:28:46,Charging,Good,46,100,AC,4081,40.0
2019-11-09 18:28:41,Charging,Good,46,100,AC,4080,40.0
2019-11-09 18:28:25,Charging,Good,45,100,AC,4077,40.0
2019-11-09 18:28:16,Charging,Good,45,100,AC,4080,40.0
2019-11-09 18:27:54,Charging,Good,45,100,AC,4075,41.0
2019-11-09 18:27:46,Charging,Good,45,100,AC,4077,41.0
2019-11-09 18:27:35,Charging,Good,44,100,AC,4077,41.0
2019-11-09 18:27:20,Charging,Good,44,100,AC,4070,41.0
2019-11-09 18:27:12,Charging,Good,44,100,AC,4074,41.0
2019-11-09 18:26:51,Charging,Good,44,100,AC,4072,41.0
2019-11-09 18:26:46,Charging,Good,44,100,AC,4072,41.0
2019-11-09 18:26:31,Charging,Good,43,100,AC,4069,41.0
2019-11-09 18:26:12,Charging,Good,43,100,AC,4051,40.0
2019-11-09 18:26:06,Charging,Good,43,100,AC,4056,40.0
2019-11-09 18:25:46,Charging,Good,42,100,AC,3951,41.0
2019-11-09 18:25:39,Charging,Good,42,100,AC,3957,41.0
2019-11-09 18:25:17,Charging,Good,42,100,AC,4070,41.0
2019-11-09 18:25:06,Charging,Good,42,100,AC,4061,41.0
2019-11-09 18:24:56,Charging,Good,42,100,AC,4068,41.0
2019-11-09 18:24:46,Charging,Good,41,100,AC,4066,41.0
2019-11-09 18:24:36,Charging,Good,41,100,AC,4061,41.0
2019-11-09 18:24:17,Charging,Good,41,100,AC,4064,41.0
2019-11-09 18:24:01,Charging,Good,41,100,AC,4064,41.0
2019-11-09 18:23:58,Charging,Good,41,100,AC,4065,41.0
2019-11-09 18:23:46,Charging,Good,40,100,AC,4062,41.0
2019-11-09 18:23:34,Charging,Good,40,100,AC,4062,41.0
2019-11-09 18:23:16,Charging,Good,40,100,AC,4062,41.0
2019-11-09 18:22:55,Charging,Good,39,100,AC,4059,41.0
2019-11-09 18:22:53,Charging,Good,39,100,AC,4059,41.0
2019-11-09 18:22:46,Charging,Good,39,100,AC,4058,41.0
2019-11-09 18:22:35,Charging,Good,39,100,AC,4059,41.0
2019-11-09 18:22:12,Charging,Good,38,100,AC,4057,41.0
2019-11-09 18:21:52,Charging,Good,38,100,AC,4056,41.0
2019-11-09 18:21:46,Charging,Good,38,100,AC,4056,41.0
2019-11-09 18:21:32,Charging,Good,37,100,AC,4055,41.0
2019-11-09 18:21:09,Charging,Good,37,100,AC,4050,41.0
2019-11-09 18:20:46,Charging,Good,37,100,AC,4040,41.0
2019-11-09 18:20:46,Charging,Good,37,100,AC,4041,41.0
2019-11-09 18:20:44,Charging,Good,37,100,AC,4040,41.0
2019-11-09 18:20:23,Charging,Good,36,100,AC,4021,41.0
2019-11-09 18:20:01,Charging,Good,36,100,AC,4051,41.0
2019-11-09 18:19:46,Charging,Good,35,100,AC,4050,40.0
2019-11-09 18:19:39,Charging,Good,35,100,AC,4036,41.0
2019-11-09 18:19:38,Charging,Good,35,100,AC,4046,40.0
2019-11-09 18:19:15,Charging,Good,35,100,AC,4045,41.0
2019-11-09 18:18:55,Charging,Good,35,100,AC,4042,41.0
2019-11-09 18:18:46,Charging,Good,35,100,AC,4037,41.0
2019-11-09 18:18:34,Charging,Good,34,100,AC,4048,41.0
2019-11-09 18:18:10,Charging,Good,34,100,AC,4048,41.0
2019-11-09 18:17:50,Charging,Good,34,100,AC,4045,40.0
2019-11-09 18:17:46,Charging,Good,34,100,AC,4033,40.0
2019-11-09 18:17:42,Charging,Good,34,100,AC,4039,40.0
2019-11-09 18:17:26,Charging,Good,33,100,AC,4030,40.0
2019-11-09 18:17:01,Charging,Good,33,100,AC,3957,40.0
2019-11-09 18:16:46,Charging,Good,32,100,AC,4018,40.0
2019-11-09 18:16:36,Charging,Good,32,100,AC,3983,40.0
2019-11-09 18:16:23,Charging,Good,32,100,AC,4033,40.0
2019-11-09 18:16:14,Charging,Good,32,100,AC,4032,40.0
2019-11-09 18:15:55,Charging,Good,32,100,AC,4044,40.0
2019-11-09 18:15:46,Charging,Good,31,100,AC,4030,40.0
2019-11-09 18:15:33,Charging,Good,31,100,AC,4043,40.0
2019-11-09 18:15:17,Charging,Good,31,100,AC,4042,40.0
2019-11-09 18:15:11,Charging,Good,31,100,AC,4042,40.0
2019-11-09 18:14:49,Charging,Good,30,100,AC,4041,40.0
2019-11-09 18:14:46,Charging,Good,30,100,AC,4041,40.0
2019-11-09 18:14:27,Charging,Good,30,100,AC,4040,40.0
2019-11-09 18:14:11,Charging,Good,30,100,AC,4028,40.0
2019-11-09 18:14:03,Charging,Good,29,100,AC,4037,40.0
2019-11-09 18:13:46,Charging,Good,29,100,AC,4027,40.0
2019-11-09 18:13:44,Charging,Good,29,100,AC,4036,40.0
2019-11-09 18:13:24,Charging,Good,29,100,AC,4037,40.0
2019-11-09 18:13:06,Charging,Good,29,100,AC,4036,40.0
2019-11-09 18:13:02,Charging,Good,28,100,AC,4036,40.0
2019-11-09 18:12:46,Charging,Good,28,100,AC,4024,40.0
2019-11-09 18:12:40,Charging,Good,28,100,AC,4035,40.0
2019-11-09 18:12:18,Charging,Good,27,100,AC,4034,40.0
2019-11-09 18:12:00,Charging,Good,27,100,AC,4033,40.0
2019-11-09 18:11:56,Charging,Good,27,100,AC,4027,40.0
2019-11-09 18:11:46,Charging,Good,27,100,AC,4020,40.0
2019-11-09 18:11:34,Charging,Good,27,100,AC,4032,40.0
2019-11-09 18:11:13,Charging,Good,26,100,AC,4030,39.0
2019-11-09 18:10:48,Charging,Good,26,100,AC,3953,40.0
2019-11-09 18:10:46,Charging,Good,26,100,AC,4027,39.0
2019-11-09 18:10:26,Charging,Good,25,100,AC,4019,39.0
2019-11-09 18:10:05,Charging,Good,25,100,AC,3986,39.0
2019-11-09 18:09:56,Charging,Good,25,100,AC,4012,39.0
2019-11-09 18:09:46,Charging,Good,25,100,AC,4003,39.0
2019-11-09 18:09:43,Charging,Good,25,100,AC,4028,39.0
2019-11-09 18:09:21,Charging,Good,24,100,AC,4026,39.0
2019-11-09 18:09:01,Charging,Good,24,100,AC,4025,39.0
2019-11-09 18:08:52,Charging,Good,23,100,AC,4023,39.0
2019-11-09 18:08:46,Charging,Good,23,100,AC,4009,39.0
2019-11-09 18:08:37,Charging,Good,23,100,AC,4008,39.0
2019-11-09 18:08:17,Charging,Good,23,100,AC,4021,39.0
2019-11-09 18:07:55,Charging,Good,23,100,AC,4022,39.0
2019-11-09 18:07:46,Charging,Good,22,100,AC,4002,39.0
2019-11-09 18:07:46,Charging,Good,22,100,AC,4021,39.0
2019-11-09 18:07:33,Charging,Good,22,100,AC,4020,39.0
2019-11-09 18:07:11,Charging,Good,22,100,AC,3994,39.0
2019-11-09 18:06:49,Charging,Good,22,100,AC,4006,39.0
2019-11-09 18:06:46,Charging,Good,22,100,AC,4005,39.0
2019-11-09 18:06:40,Charging,Good,21,100,AC,3998,39.0
2019-11-09 18:06:29,Charging,Good,21,100,AC,4016,39.0
2019-11-09 18:06:09,Charging,Good,21,100,AC,4012,38.0
2019-11-09 18:05:45,Charging,Good,20,100,AC,3980,38.0
2019-11-09 18:05:34,Charging,Good,20,100,AC,3984,38.0
2019-11-09 18:05:22,Charging,Good,20,100,AC,4008,38.0
2019-11-09 18:05:01,Charging,Good,19,100,AC,4009,38.0
2019-11-09 18:04:46,Charging,Good,19,100,AC,4009,38.0
2019-11-09 18:04:42,Charging,Good,19,100,AC,4009,38.0
2019-11-09 18:04:29,Charging,Good,19,100,AC,4007,38.0
2019-11-09 18:04:22,Charging,Good,18,100,AC,4007,38.0
2019-11-09 18:04:01,Charging,Good,18,100,AC,4005,38.0
2019-11-09 18:03:46,Charging,Good,18,100,AC,4004,38.0
2019-11-09 18:03:41,Charging,Good,18,100,AC,4004,38.0
2019-11-09 18:03:24,Charging,Good,18,100,AC,4000,38.0
2019-11-09 18:03:20,Charging,Good,17,100,AC,4001,38.0
2019-11-09 18:02:58,Charging,Good,17,100,AC,3996,38.0
2019-11-09 18:02:46,Charging,Good,17,100,AC,3997,37.0
2019-11-09 18:02:39,Charging,Good,16,100,AC,3998,37.0
2019-11-09 18:02:17,Charging,Good,16,100,AC,3993,37.0
2019-11-09 18:01:53,Charging,Good,16,100,AC,3993,37.0
2019-11-09 18:01:46,Charging,Good,16,100,AC,3993,37.0
2019-11-09 18:01:30,Charging,Good,15,100,AC,3991,37.0
2019-11-09 18:01:14,Charging,Good,15,100,AC,3989,37.0
2019-11-09 18:01:07,Charging,Good,15,100,AC,3987,37.0
2019-11-09 18:00:46,Charging,Good,15,100,AC,3983,37.0
2019-11-09 18:00:43,Charging,Good,15,100,AC,3986,37.0
2019-11-09 18:00:20,Charging,Good,14,100,AC,3983,37.0
2019-11-09 18:00:08,Charging,Good,14,100,AC,3982,37.0
2019-11-09 17:59:56,Charging,Good,14,100,AC,3979,37.0
2019-11-09 17:59:46,Charging,Good,13,100,AC,3977,37.0
2019-11-09 17:59:33,Charging,Good,13,100,AC,3978,37.0
2019-11-09 17:59:09,Charging,Good,13,100,AC,3974,37.0
2019-11-09 17:59:05,Charging,Good,13,100,AC,3973,37.0
2019-11-09 17:58:46,Charging,Good,13,100,AC,3969,36.0
2019-11-09 17:58:22,Charging,Good,12,100,AC,3967,36.0
2019-11-09 17:57:57,Charging,Good,12,100,AC,3956,36.0
2019-11-09 17:57:57,Charging,Good,12,100,AC,3963,36.0
2019-11-09 17:57:46,Charging,Good,11,100,AC,3959,36.0
2019-11-09 17:57:35,Charging,Good,11,100,AC,3956,36.0
2019-11-09 17:57:18,Charging,Good,11,100,AC,3945,36.0
2019-11-09 17:57:12,Charging,Good,11,100,AC,3950,36.0
2019-11-09 17:56:46,Charging,Good,11,100,AC,3926,35.0
2019-11-09 17:55:52,Charging,Good,10,100,AC,3864,32.0
2019-11-09 17:55:50,Charging,Good,10,100,AC,3859,32.0
2019-11-09 17:55:48,Charging,Good,10,100,AC,3843,32.0
2019-11-09 17:55:48,Charging,Good,10,100,AC,3832,32.0
2019-11-09 17:55:47,Charging,Good,10,100,AC,3690,33.0
2019-11-09 17:55:46,Charging,Good,10,100,AC,3690,33.0
2019-11-09 17:55:46,Charging,Good,10,100,AC,3690,33.0
2019-11-09 17:55:46,Charging,Good,10,100,AC,3690,33.0
2019-11-09 17:55:46,Charging,Good,10,100,None,3690,33.0
2019-11-09 17:55:45,Not Charging,Good,10,100,None,3690,33.0
2019-11-09 17:55:45,Not Charging,Good,10,100,None,3690,33.0
2019-11-09 17:55:29,Discharging,Good,10,100,None,3666,33.0
2019-11-09 17:55:19,Discharging,Good,10,100,None,3691,33.0
2019-11-09 17:47:12,Discharging,Good,10,100,None,3671,33.0
2019-11-09 17:47:02,Discharging,Good,10,100,None,3690,33.0
2019-11-09 17:46:27,Discharging,Good,10,100,None,3688,33.0
2019-11-09 17:36:27,Discharging,Good,10,100,None,3687,35.0
2019-11-09 17:34:16,Discharging,Good,10,100,None,3581,35.0
2019-11-09 17:34:14,Discharging,Good,10,100,None,3643,35.0
2019-11-09 17:34:04,Discharging,Good,10,100,None,3690,35.0
2019-11-09 17:32:27,Discharging,Good,10,100,None,3659,35.0
2019-11-09 17:32:18,Discharging,Good,10,100,None,3690,35.0
2019-11-09 17:26:38,Discharging,Good,10,100,None,3676,35.0
2019-11-09 17:26:28,Discharging,Good,10,100,None,3678,35.0
2019-11-09 17:26:27,Discharging,Good,10,100,None,3691,35.0
2019-11-09 17:20:30,Discharging,Good,11,100,None,3691,35.0
2019-11-09 17:16:28,Discharging,Good,11,100,None,3692,35.0
2019-11-09 17:12:33,Discharging,Good,11,100,None,3680,35.0
2019-11-09 17:12:23,Discharging,Good,11,100,None,3692,34.0
2019-11-09 17:06:28,Discharging,Good,11,100,None,3692,34.0
2019-11-09 17:00:10,Discharging,Good,11,100,None,3693,34.0
2019-11-09 16:58:43,Discharging,Good,11,100,None,3680,34.0
2019-11-09 16:58:32,Discharging,Good,11,100,None,3690,34.0
2019-11-09 16:56:27,Discharging,Good,11,100,None,3690,34.0
2019-11-09 16:51:15,Discharging,Good,11,100,None,3692,34.0
2019-11-09 16:46:39,Discharging,Good,11,100,None,3672,33.0
2019-11-09 16:46:35,Discharging,Good,11,100,None,3695,33.0
2019-11-09 16:46:27,Discharging,Good,11,100,None,3689,33.0
2019-11-09 16:44:11,Discharging,Good,11,100,None,3674,33.0
2019-11-09 16:44:04,Discharging,Good,11,100,None,3666,33.0
2019-11-09 16:43:19,Discharging,Good,11,100,None,3698,33.0
2019-11-09 16:38:41,Discharging,Good,11,100,None,3676,33.0
2019-11-09 16:38:33,Discharging,Good,11,100,None,3698,33.0
2019-11-09 16:36:28,Discharging,Good,11,100,None,3698,33.0
2019-11-09 16:27:25,Discharging,Good,12,100,None,3698,33.0
2019-11-09 16:26:28,Discharging,Good,12,100,None,3699,33.0
2019-11-09 16:16:28,Discharging,Good,12,100,None,3699,33.0
2019-11-09 16:07:45,Discharging,Good,12,100,None,3687,33.0
2019-11-09 16:06:28,Discharging,Good,12,100,None,3699,33.0
2019-11-09 15:56:35,Discharging,Good,12,100,None,3648,32.0
2019-11-09 15:56:28,Discharging,Good,12,100,None,3685,32.0
2019-11-09 15:56:27,Discharging,Good,12,100,None,3685,32.0
2019-11-09 15:56:16,Discharging,Good,12,100,None,3662,32.0
2019-11-09 15:55:22,Discharging,Good,13,100,None,3649,32.0
2019-11-09 15:54:34,Discharging,Good,13,100,None,3703,32.0
2019-11-09 15:52:18,Discharging,Good,13,100,None,3637,34.0
2019-11-09 15:51:24,Discharging,Good,13,100,None,3633,34.0
2019-11-09 15:50:32,Discharging,Good,13,100,None,3688,34.0
2019-11-09 15:50:23,Discharging,Good,13,100,None,3676,34.0
2019-11-09 15:49:23,Discharging,Good,13,100,None,3706,33.0
2019-11-09 15:46:27,Discharging,Good,13,100,None,3664,34.0
2019-11-09 15:46:15,Discharging,Good,13,100,None,3657,34.0
2019-11-09 15:46:09,Discharging,Good,13,100,None,3707,34.0
2019-11-09 15:46:07,Discharging,Good,13,100,None,3707,33.0
2019-11-09 15:36:28,Discharging,Good,13,100,None,3708,33.0
2019-11-09 15:28:12,Discharging,Good,13,100,None,3690,33.0
2019-11-09 15:28:02,Discharging,Good,13,100,None,3687,33.0
2019-11-09 15:27:02,Discharging,Good,13,100,None,3612,33.0
2019-11-09 15:26:55,Discharging,Good,14,100,None,3653,33.0
2019-11-09 15:26:47,Discharging,Good,14,100,None,3709,33.0
2019-11-09 15:26:28,Discharging,Good,14,100,None,3709,33.0
2019-11-09 15:16:28,Discharging,Good,14,100,None,3709,33.0
2019-11-09 15:09:20,Discharging,Good,14,100,None,3708,33.0
2019-11-09 15:06:28,Discharging,Good,14,100,None,3709,33.0
2019-11-09 14:56:28,Discharging,Good,14,100,None,3710,32.0
2019-11-09 14:48:27,Discharging,Good,15,100,None,3710,33.0
2019-11-09 14:46:28,Discharging,Good,15,100,None,3708,33.0
2019-11-09 14:43:04,Discharging,Good,15,100,None,3695,33.0
2019-11-09 14:42:54,Discharging,Good,15,100,None,3691,33.0
2019-11-09 14:42:06,Discharging,Good,15,100,None,3678,33.0
2019-11-09 14:41:23,Discharging,Good,15,100,None,3712,33.0
2019-11-09 14:36:27,Discharging,Good,15,100,None,3712,33.0
2019-11-09 14:33:59,Discharging,Good,15,100,None,3713,32.0
2019-11-09 14:26:28,Discharging,Good,15,100,None,3714,32.0
2019-11-09 14:16:28,Discharging,Good,15,100,None,3713,32.0
2019-11-09 14:10:52,Discharging,Good,15,100,None,3714,32.0
2019-11-09 14:06:27,Discharging,Good,15,100,None,3715,32.0
2019-11-09 13:56:28,Discharging,Good,15,100,None,3713,32.0
2019-11-09 13:49:30,Discharging,Good,16,100,None,3689,32.0
2019-11-09 13:49:20,Discharging,Good,16,100,None,3710,32.0
2019-11-09 13:49:18,Discharging,Good,16,100,None,3692,32.0
2019-11-09 13:49:12,Discharging,Good,16,100,None,3648,32.0
2019-11-09 13:49:11,Discharging,Good,16,100,None,3679,32.0
2019-11-09 13:49:11,Discharging,Good,16,100,None,3688,32.0
2019-11-09 13:49:01,Discharging,Good,16,100,None,3715,32.0
2019-11-09 13:46:28,Discharging,Good,16,100,None,3714,32.0
2019-11-09 13:37:08,Discharging,Good,16,100,None,3702,32.0
2019-11-09 13:36:28,Discharging,Good,16,100,None,3716,32.0
2019-11-09 13:31:56,Discharging,Good,16,100,None,3700,32.0
2019-11-09 13:31:46,Discharging,Good,16,100,None,3716,32.0
2019-11-09 13:26:28,Discharging,Good,16,100,None,3717,32.0
2019-11-09 13:22:18,Discharging,Good,16,100,None,3685,32.0
2019-11-09 13:18:37,Discharging,Good,16,100,None,3686,32.0
2019-11-09 13:16:27,Discharging,Good,17,100,None,3697,32.0
2019-11-09 13:15:54,Discharging,Good,17,100,None,3678,32.0
2019-11-09 13:15:38,Discharging,Good,17,100,None,3715,32.0
2019-11-09 13:14:59,Discharging,Good,17,100,None,3695,32.0
2019-11-09 13:13:40,Discharging,Good,17,100,None,3716,32.0
2019-11-09 13:13:23,Discharging,Good,17,100,None,3679,32.0
2019-11-09 13:13:22,Discharging,Good,17,100,None,3696,32.0
2019-11-09 13:13:16,Discharging,Good,17,100,None,3700,32.0
2019-11-09 13:13:06,Discharging,Good,17,100,None,3714,32.0
2019-11-09 13:12:24,Discharging,Good,17,100,None,3687,32.0
2019-11-09 13:11:13,Discharging,Good,17,100,None,3676,31.0
2019-11-09 13:10:54,Discharging,Good,17,100,None,3667,31.0
2019-11-09 13:10:02,Discharging,Good,18,100,None,3705,30.0
2019-11-09 13:09:53,Discharging,Good,18,100,None,3698,30.0
2019-11-09 13:09:37,Discharging,Good,18,100,None,3697,30.0
2019-11-09 13:09:22,Discharging,Good,18,100,None,3713,30.0
2019-11-09 13:07:48,Discharging,Good,18,100,None,3676,30.0
2019-11-09 13:07:43,Discharging,Good,18,100,None,3641,30.0
2019-11-09 13:06:27,Discharging,Good,18,100,None,3704,29.0
2019-11-09 13:05:42,Discharging,Good,18,100,None,3723,29.0
2019-11-09 13:05:15,Discharging,Good,18,100,None,3706,29.0
2019-11-09 13:05:05,Discharging,Good,18,100,None,3702,29.0
2019-11-09 13:04:56,Discharging,Good,18,100,None,3668,29.0
2019-11-09 13:04:05,Discharging,Good,18,100,None,3728,28.0
2019-11-09 13:01:32,Discharging,Good,18,100,None,3694,28.0
2019-11-09 13:01:25,Discharging,Good,18,100,None,3715,28.0
2019-11-09 13:01:20,Discharging,Good,18,100,None,3688,28.0
2019-11-09 13:01:17,Discharging,Good,18,100,None,3724,28.0
2019-11-09 12:59:10,Discharging,Good,18,100,None,3692,29.0
2019-11-09 12:57:39,Discharging,Good,18,100,None,3672,28.0
2019-11-09 12:56:27,Discharging,Good,19,100,None,3699,28.0
2019-11-09 12:55:42,Discharging,Good,19,100,None,3731,28.0
2019-11-09 12:51:56,Discharging,Good,19,100,None,3684,29.0
2019-11-09 12:51:18,Discharging,Good,19,100,None,3655,29.0
2019-11-09 12:50:32,Discharging,Good,19,100,None,3721,29.0
2019-11-09 12:49:06,Discharging,Good,19,100,None,3707,30.0
2019-11-09 12:47:44,Discharging,Good,19,100,None,3682,29.0
2019-11-09 12:46:27,Discharging,Good,19,100,None,3691,29.0
2019-11-09 12:44:40,Discharging,Good,20,100,None,3682,28.0
2019-11-09 12:44:18,Discharging,Good,20,100,None,3733,28.0
2019-11-09 12:44:07,Discharging,Good,20,100,None,3704,28.0
2019-11-09 12:44:01,Discharging,Good,20,100,None,3731,28.0
2019-11-09 12:43:29,Discharging,Good,20,100,None,3703,28.0
2019-11-09 12:43:26,Discharging,Good,20,100,None,3722,28.0
2019-11-09 12:42:36,Discharging,Good,20,100,None,3671,28.0
2019-11-09 12:42:06,Discharging,Good,20,100,None,3734,28.0
2019-11-09 12:39:26,Discharging,Good,20,100,None,3708,28.0
2019-11-09 12:39:23,Discharging,Good,20,100,None,3735,27.0
2019-11-09 12:36:42,Discharging,Good,20,100,None,3647,28.0
2019-11-09 12:36:26,Discharging,Good,20,100,None,3734,28.0
2019-11-09 12:35:51,Discharging,Good,20,100,None,3711,28.0
2019-11-09 12:35:41,Discharging,Good,20,100,None,3716,28.0
2019-11-09 12:35:11,Discharging,Good,20,100,None,3696,28.0
2019-11-09 12:35:08,Discharging,Good,20,100,None,3736,28.0
2019-11-09 12:32:48,Discharging,Good,20,100,None,3680,29.0
2019-11-09 12:32:19,Discharging,Good,20,100,None,3719,29.0
2019-11-09 12:30:01,Discharging,Good,20,100,None,3706,30.0
2019-11-09 12:29:58,Discharging,Good,20,100,None,3733,30.0
2019-11-09 12:29:20,Discharging,Good,20,100,None,3703,30.0
2019-11-09 12:29:12,Discharging,Good,20,100,None,3733,30.0
2019-11-09 12:28:45,Discharging,Good,20,100,None,3712,30.0
2019-11-09 12:28:00,Discharging,Good,20,100,None,3737,29.0
2019-11-09 12:26:51,Discharging,Good,20,100,None,3735,29.0
2019-11-09 12:26:27,Discharging,Good,20,100,None,3736,29.0
2019-11-09 12:22:01,Discharging,Good,20,100,None,3719,27.0
2019-11-09 12:20:42,Discharging,Good,20,100,None,3696,26.0
2019-11-09 12:20:34,Discharging,Good,20,100,None,3694,26.0
2019-11-09 12:20:06,Discharging,Good,21,100,None,3739,26.0
2019-11-09 12:17:07,Discharging,Good,21,100,None,3713,25.0
2019-11-09 12:17:00,Discharging,Good,21,100,None,3738,25.0
2019-11-09 12:16:27,Discharging,Good,21,100,None,3716,25.0
2019-11-09 12:16:25,Discharging,Good,21,100,None,3738,25.0
2019-11-09 12:15:00,Discharging,Good,21,100,None,3723,25.0
2019-11-09 12:14:49,Discharging,Good,21,100,None,3739,25.0
2019-11-09 12:12:14,Discharging,Good,21,100,None,3721,25.0
2019-11-09 12:12:04,Discharging,Good,21,100,None,3737,25.0
2019-11-09 12:11:10,Discharging,Good,21,100,None,3695,25.0
2019-11-09 12:10:47,Discharging,Good,21,100,None,3736,25.0
2019-11-09 12:10:17,Discharging,Good,21,100,None,3723,25.0
2019-11-09 12:10:07,Discharging,Good,21,100,None,3705,25.0
2019-11-09 12:06:47,Discharging,Good,21,100,None,3664,25.0
2019-11-09 12:06:27,Discharging,Good,21,100,None,3717,25.0
2019-11-09 12:06:19,Discharging,Good,21,100,None,3714,25.0
2019-11-09 12:06:13,Discharging,Good,21,100,None,3718,25.0
2019-11-09 12:06:03,Discharging,Good,21,100,None,3738,25.0
2019-11-09 12:05:14,Discharging,Good,21,100,None,3669,25.0
2019-11-09 12:04:22,Discharging,Good,21,100,None,3742,24.0
2019-11-09 12:01:43,Discharging,Good,21,100,None,3724,24.0
2019-11-09 12:01:33,Discharging,Good,21,100,None,3741,24.0
2019-11-09 11:57:28,Discharging,Good,21,100,None,3664,24.0
2019-11-09 11:56:47,Discharging,Good,21,100,None,3714,24.0
2019-11-09 11:56:28,Discharging,Good,21,100,None,3743,24.0
2019-11-09 11:52:05,Discharging,Good,21,100,None,3726,24.0
2019-11-09 11:51:55,Discharging,Good,21,100,None,3743,24.0
2019-11-09 11:46:28,Discharging,Good,21,100,None,3742,24.0
2019-11-09 11:42:19,Discharging,Good,21,100,None,3617,25.0
2019-11-09 11:41:52,Discharging,Good,22,100,None,3714,24.0
2019-11-09 11:36:28,Discharging,Good,22,100,None,3743,24.0
2019-11-09 11:30:15,Discharging,Good,22,100,None,3743,25.0
2019-11-09 11:26:28,Discharging,Good,22,100,None,3742,25.0
2019-11-09 11:18:22,Discharging,Good,22,100,None,3729,27.0
2019-11-09 11:17:00,Discharging,Good,22,100,None,3702,27.0
2019-11-09 11:16:55,Discharging,Good,22,100,None,3628,27.0
2019-11-09 11:16:51,Discharging,Good,22,100,None,3741,27.0
2019-11-09 11:16:27,Discharging,Good,22,100,None,3740,27.0
2019-11-09 11:12:15,Discharging,Good,22,100,None,3713,29.0
2019-11-09 11:12:05,Discharging,Good,22,100,None,3710,29.0
2019-11-09 11:11:43,Discharging,Good,22,100,None,3706,29.0
2019-11-09 11:10:51,Discharging,Good,22,100,None,3740,29.0
2019-11-09 10:53:06,Discharging,Good,23,100,None,3735,28.0
2019-11-09 10:51:55,Discharging,Good,23,100,None,3619,28.0
2019-11-09 10:51:50,Discharging,Good,23,100,None,3691,28.0
2019-11-09 10:50:36,Discharging,Good,24,100,None,3734,27.0
2019-11-09 10:50:30,Discharging,Good,24,100,None,3722,27.0
2019-11-09 10:50:20,Discharging,Good,24,100,None,3736,27.0
2019-11-09 10:47:54,Discharging,Good,24,100,None,3713,27.0
2019-11-09 10:47:29,Discharging,Good,24,100,None,3644,27.0
2019-11-09 10:47:20,Discharging,Good,24,100,None,3749,27.0
2019-11-09 10:46:28,Discharging,Good,24,100,None,3749,27.0
2019-11-09 10:46:01,Discharging,Good,24,100,None,3720,27.0
2019-11-09 10:45:47,Discharging,Good,24,100,None,3744,27.0
2019-11-09 10:45:46,Discharging,Good,24,100,None,3750,27.0
2019-11-09 10:45:44,Discharging,Good,24,100,None,3750,27.0
2019-11-09 10:44:51,Discharging,Good,24,100,None,3749,27.0
2019-11-09 10:40:42,Discharging,Good,24,100,None,3698,28.0
2019-11-09 10:40:21,Discharging,Good,24,100,None,3738,28.0
2019-11-09 10:38:25,Discharging,Good,24,100,None,3700,29.0
2019-11-09 10:38:18,Discharging,Good,24,100,None,3684,29.0
2019-11-09 10:38:12,Discharging,Good,24,100,None,3739,29.0
2019-11-09 10:36:38,Discharging,Good,24,100,None,3744,29.0
2019-11-09 10:36:27,Discharging,Good,24,100,None,3733,29.0
2019-11-09 10:34:17,Discharging,Good,24,100,None,3656,31.0
2019-11-09 10:33:59,Discharging,Good,25,100,None,3744,30.0
2019-11-09 10:33:30,Discharging,Good,25,100,None,3697,31.0
2019-11-09 10:32:55,Discharging,Good,25,100,None,3742,30.0
2019-11-09 10:32:46,Discharging,Good,25,100,None,3699,31.0
2019-11-09 10:32:27,Discharging,Good,25,100,None,3702,30.0
2019-11-09 10:30:50,Discharging,Good,25,100,None,3748,30.0
2019-11-09 10:30:40,Discharging,Good,25,100,None,3723,30.0
2019-11-09 10:30:36,Discharging,Good,25,100,None,3741,30.0
2019-11-09 10:28:24,Discharging,Good,25,100,None,3748,31.0
2019-11-09 10:27:05,Discharging,Good,25,100,None,3730,33.0
2019-11-09 10:26:53,Discharging,Good,25,100,None,3747,33.0
2019-11-09 10:26:42,Discharging,Good,25,100,None,3731,33.0
2019-11-09 10:26:32,Discharging,Good,25,100,None,3714,33.0
2019-11-09 10:26:30,Discharging,Good,25,100,None,3696,33.0
2019-11-09 10:26:27,Discharging,Good,25,100,None,3715,33.0
2019-11-09 10:24:57,Discharging,Good,25,100,None,3751,32.0
2019-11-09 10:23:09,Discharging,Good,25,100,None,3753,32.0
2019-11-09 10:16:27,Discharging,Good,26,100,None,3730,33.0
2019-11-09 10:14:31,Discharging,Good,26,100,None,3699,34.0
2019-11-09 10:13:53,Discharging,Good,26,100,None,3753,33.0
2019-11-09 10:10:56,Discharging,Good,26,100,None,3738,34.0
2019-11-09 10:06:28,Discharging,Good,26,100,None,3754,34.0
2019-11-09 09:56:28,Discharging,Good,26,100,None,3753,35.0
2019-11-09 09:55:02,Discharging,Good,26,100,None,3741,35.0
2019-11-09 09:46:28,Discharging,Good,27,100,None,3756,35.0
2019-11-09 09:39:24,Discharging,Good,27,100,None,3735,34.0
2019-11-09 09:36:27,Discharging,Good,27,100,None,3756,34.0
2019-11-09 09:26:27,Discharging,Good,27,100,None,3753,34.0
2019-11-09 09:22:06,Discharging,Good,27,100,None,3757,34.0
2019-11-09 09:16:27,Discharging,Good,27,100,None,3749,34.0
2019-11-09 09:13:30,Discharging,Good,27,100,None,3753,34.0
2019-11-09 09:06:28,Discharging,Good,27,100,None,3760,31.0
2019-11-09 09:05:14,Discharging,Good,27,100,None,3726,31.0
2019-11-09 09:05:10,Discharging,Good,28,100,None,3760,31.0
2019-11-09 08:56:27,Discharging,Good,28,100,None,3760,31.0
2019-11-09 08:48:08,Discharging,Good,28,100,None,3761,31.0
2019-11-09 08:46:28,Discharging,Good,28,100,None,3761,31.0
2019-11-09 08:40:42,Discharging,Good,28,100,None,3745,31.0
2019-11-09 08:40:31,Discharging,Good,28,100,None,3760,31.0
2019-11-09 08:36:28,Discharging,Good,28,100,None,3761,31.0
2019-11-09 08:35:57,Discharging,Good,28,100,None,3738,31.0
2019-11-09 08:35:47,Discharging,Good,28,100,None,3762,31.0
2019-11-09 08:26:28,Discharging,Good,28,100,None,3762,32.0
2019-11-09 08:23:46,Discharging,Good,28,100,None,3704,33.0
2019-11-09 08:23:46,Discharging,Good,28,100,None,3758,33.0
2019-11-09 08:23:42,Discharging,Good,28,100,None,3701,33.0
2019-11-09 08:23:34,Discharging,Good,29,100,None,3756,32.0
2019-11-09 08:16:28,Discharging,Good,29,100,None,3762,32.0
2019-11-09 08:15:25,Discharging,Good,29,100,None,3746,32.0
2019-11-09 08:15:01,Discharging,Good,29,100,None,3763,32.0
2019-11-09 08:13:29,Discharging,Good,29,100,None,3739,32.0
2019-11-09 08:13:14,Discharging,Good,29,100,None,3763,32.0
2019-11-09 08:11:08,Discharging,Good,29,100,None,3724,32.0
2019-11-09 08:10:58,Discharging,Good,29,100,None,3743,32.0
2019-11-09 08:10:55,Discharging,Good,29,100,None,3737,32.0
2019-11-09 08:06:28,Discharging,Good,29,100,None,3764,32.0
2019-11-09 08:05:55,Discharging,Good,29,100,None,3737,32.0
2019-11-09 08:05:44,Discharging,Good,29,100,None,3764,32.0
2019-11-09 08:00:43,Discharging,Good,29,100,None,3744,32.0
2019-11-09 08:00:33,Discharging,Good,29,100,None,3740,32.0
2019-11-09 07:56:28,Discharging,Good,29,100,None,3763,31.0
2019-11-09 07:55:32,Discharging,Good,29,100,None,3739,31.0
2019-11-09 07:55:20,Discharging,Good,29,100,None,3720,31.0
2019-11-09 07:55:19,Discharging,Good,29,100,None,3742,31.0
2019-11-09 07:50:18,Discharging,Good,29,100,None,3729,31.0
2019-11-09 07:50:01,Discharging,Good,29,100,None,3766,31.0
2019-11-09 07:46:28,Discharging,Good,29,100,None,3766,31.0
2019-11-09 07:40:34,Discharging,Good,29,100,None,3747,31.0
2019-11-09 07:40:01,Discharging,Good,29,100,None,3767,31.0
2019-11-09 07:36:28,Discharging,Good,29,100,None,3767,31.0
2019-11-09 07:34:52,Discharging,Good,29,100,None,3767,31.0
2019-11-09 07:26:28,Discharging,Good,30,100,None,3767,30.0
2019-11-09 07:16:28,Discharging,Good,30,100,None,3768,31.0
2019-11-09 07:06:28,Discharging,Good,30,100,None,3769,30.0
2019-11-09 07:06:13,Discharging,Good,30,100,None,3769,30.0
2019-11-09 06:56:28,Discharging,Good,30,100,None,3770,30.0
2019-11-09 06:46:28,Discharging,Good,30,100,None,3769,31.0
2019-11-09 06:36:28,Discharging,Good,30,100,None,3770,31.0
2019-11-09 06:29:59,Discharging,Good,30,100,None,3770,31.0
2019-11-09 06:26:28,Discharging,Good,30,100,None,3770,31.0
2019-11-09 06:16:28,Discharging,Good,30,100,None,3770,31.0
2019-11-09 06:06:27,Discharging,Good,30,100,None,3770,31.0
2019-11-09 05:57:35,Discharging,Good,30,100,None,3771,31.0
2019-11-09 05:56:27,Discharging,Good,31,100,None,3771,31.0
2019-11-09 05:46:27,Discharging,Good,31,100,None,3772,32.0
2019-11-09 05:39:17,Discharging,Good,31,100,None,3771,31.0
2019-11-09 05:36:27,Discharging,Good,31,100,None,3770,31.0
2019-11-09 05:26:27,Discharging,Good,31,100,None,3773,31.0
2019-11-09 05:16:27,Discharging,Good,31,100,None,3773,31.0
2019-11-09 05:09:33,Discharging,Good,31,100,None,3759,31.0
2019-11-09 05:06:27,Discharging,Good,32,100,None,3773,31.0
2019-11-09 04:56:27,Discharging,Good,32,100,None,3774,31.0
2019-11-09 04:46:27,Discharging,Good,32,100,None,3774,31.0
2019-11-09 04:44:04,Discharging,Good,32,100,None,3774,31.0
2019-11-09 04:36:28,Discharging,Good,32,100,None,3774,31.0
2019-11-09 04:26:28,Discharging,Good,32,100,None,3775,31.0
2019-11-09 04:21:56,Discharging,Good,32,100,None,3774,31.0
2019-11-09 04:16:27,Discharging,Good,32,100,None,3772,32.0
2019-11-09 04:10:34,Discharging,Good,32,100,None,3754,32.0
2019-11-09 04:06:27,Discharging,Good,33,100,None,3779,31.0
2019-11-09 04:04:54,Discharging,Good,33,100,None,3779,31.0
2019-11-09 03:56:27,Discharging,Good,33,100,None,3780,31.0
2019-11-09 03:46:28,Discharging,Good,33,100,None,3781,31.0
2019-11-09 03:36:27,Discharging,Good,33,100,None,3781,31.0
2019-11-09 03:32:28,Discharging,Good,34,100,None,3782,31.0
2019-11-09 03:26:28,Discharging,Good,34,100,None,3782,31.0
2019-11-09 03:16:28,Discharging,Good,34,100,None,3782,31.0
2019-11-09 03:06:28,Discharging,Good,34,100,None,3783,31.0
2019-11-09 02:56:27,Discharging,Good,34,100,None,3784,31.0
2019-11-09 02:46:27,Discharging,Good,34,100,None,3785,31.0
2019-11-09 02:36:27,Discharging,Good,34,100,None,3784,31.0
2019-11-09 02:26:36,Discharging,Good,34,100,None,3770,31.0
2019-11-09 02:26:27,Discharging,Good,34,100,None,3784,31.0
2019-11-09 02:16:27,Discharging,Good,34,100,None,3784,32.0
2019-11-09 02:08:33,Discharging,Good,34,100,None,3767,32.0
2019-11-09 02:08:31,Discharging,Good,34,100,None,3786,31.0
2019-11-09 02:06:27,Discharging,Good,34,100,None,3785,32.0
2019-11-09 01:56:27,Discharging,Good,34,100,None,3786,32.0
2019-11-09 01:46:27,Discharging,Good,34,100,None,3786,32.0
2019-11-09 01:36:27,Discharging,Good,34,100,None,3786,33.0
2019-11-09 01:26:27,Discharging,Good,34,100,None,3785,33.0
2019-11-09 01:16:27,Discharging,Good,34,100,None,3787,33.0
2019-11-09 01:06:27,Discharging,Good,34,100,None,3787,32.0
2019-11-09 00:56:27,Discharging,Good,34,100,None,3788,33.0
2019-11-09 00:46:27,Discharging,Good,34,100,None,3788,32.0
2019-11-09 00:36:27,Discharging,Good,34,100,None,3787,32.0
2019-11-09 00:26:27,Discharging,Good,34,100,None,3787,32.0
2019-11-09 00:16:27,Discharging,Good,34,100,None,3787,33.0
2019-11-09 00:15:26,Discharging,Good,34,100,None,3756,33.0
2019-11-09 00:15:16,Discharging,Good,34,100,None,3785,33.0
2019-11-09 00:12:34,Discharging,Good,34,100,None,3753,34.0
